target,method_a,method_b,spearman,pearson,jaccard_top10,jaccard_top20,jaccard_top50,jaccard_top100,jaccard_top200
z0,lgbm_gain,lgbm_shap_meanabs,0.9532514813611125,0.9599634084038752,0.5384615384615384,0.5384615384615384,0.5873015873015873,0.5037593984962406,0.4925373134328358
z0,lgbm_gain,lgbm_permutation,0.8852328185129115,0.9696634885907214,0.6666666666666666,0.6666666666666666,0.5873015873015873,0.5267175572519084,0.42857142857142855
z0,lgbm_gain,rf_impurity,0.27609106109385106,0.9645237829080011,0.42857142857142855,0.2903225806451613,0.4084507042253521,0.3986013986013986,0.32450331125827814
z0,lgbm_shap_meanabs,lgbm_permutation,0.8987025680992409,0.9660046303334214,0.6666666666666666,0.48148148148148145,0.639344262295082,0.5748031496062992,0.48698884758364314
z0,lgbm_shap_meanabs,rf_impurity,0.2773777970783214,0.9328187425108722,0.42857142857142855,0.2903225806451613,0.2987012987012987,0.3157894736842105,0.26582278481012656
z0,lgbm_permutation,rf_impurity,0.24836685662608712,0.9828798470675697,0.42857142857142855,0.2903225806451613,0.3333333333333333,0.2987012987012987,0.24610591900311526
