target,method_a,method_b,spearman,pearson,jaccard_top10,jaccard_top20,jaccard_top50,jaccard_top100,jaccard_top200
z1,lgbm_gain,lgbm_shap_meanabs,0.9559965056055257,0.8563153702218635,0.5384615384615384,0.5384615384615384,0.4492753623188406,0.47058823529411764,0.5325670498084292
z1,lgbm_gain,lgbm_permutation,0.8965663298631825,0.8987483790708599,0.5384615384615384,0.6,0.4925373134328358,0.41843971631205673,0.40350877192982454
z1,lgbm_gain,rf_impurity,0.2700047679660379,0.910887114926446,0.6666666666666666,0.42857142857142855,0.42857142857142855,0.35135135135135137,0.30718954248366015
z1,lgbm_shap_meanabs,lgbm_permutation,0.9060347276633912,0.9251177710226466,0.6666666666666666,0.7391304347826086,0.5625,0.4084507042253521,0.41843971631205673
z1,lgbm_shap_meanabs,rf_impurity,0.2646965678221132,0.7915672078832097,0.6666666666666666,0.3333333333333333,0.3157894736842105,0.27388535031847133,0.25391849529780564
z1,lgbm_permutation,rf_impurity,0.24441803183834138,0.8486196079025274,0.5384615384615384,0.3793103448275862,0.3157894736842105,0.2578616352201258,0.21951219512195122
