target,rank,feature,resi_i,resi_j,mean_abs_shap
z0,1,d_499_641,499,641,0.040078397012796974
z0,2,d_499_578,499,578,0.015616835872273157
z0,3,d_560_632,560,632,0.014970009982552839
z0,4,d_503_574,503,574,0.012636906671308887
z0,5,d_499_575,499,575,0.01001144637809713
z0,6,d_575_633,575,633,0.007875908045756724
z0,7,d_473_565,473,565,0.006223032500943961
z0,8,d_581_633,581,633,0.005728273123622626
z0,9,d_512_708,512,708,0.005653571456624281
z0,10,d_574_579,574,579,0.005361135771354967
z0,11,d_471_498,471,498,0.005161549627429575
z0,12,d_498_580,498,580,0.003865880649239872
z0,13,d_500_578,500,578,0.0035537743830698957
z0,14,d_499_640,499,640,0.0032513106694891957
z0,15,d_573_634,573,634,0.0030940047444531437
z0,16,d_503_639,503,639,0.0030646209928949742
z0,17,d_565_575,565,575,0.003035052077748204
z0,18,d_575_701,575,701,0.002936239751996086
z0,19,d_498_536,498,536,0.0028687292848901015
z0,20,d_499_574,499,574,0.0027423534532374015
z1,1,d_574_633,574,633,0.02086713654274831
z1,2,d_564_590,564,590,0.009332295434459787
z1,3,d_519_632,519,632,0.009167591659388376
z1,4,d_633_702,633,702,0.008353735114102546
z1,5,d_500_648,500,648,0.007415344791909574
z1,6,d_500_582,500,582,0.0066194793464295605
z1,7,d_525_577,525,577,0.005645284142902446
z1,8,d_633_701,633,701,0.005181864945769586
z1,9,d_512_564,512,564,0.004667348898069539
z1,10,d_573_632,573,632,0.004503520757307018
z1,11,d_575_701,575,701,0.004424402622365714
z1,12,d_510_632,510,632,0.004419136410710768
z1,13,d_565_632,565,632,0.0038487530513662107
z1,14,d_512_573,512,573,0.003371173174532758
z1,15,d_499_575,499,575,0.0033694548632871983
z1,16,d_500_537,500,537,0.003146587148434934
z1,17,d_548_580,548,580,0.0029551498090523163
z1,18,d_564_592,564,592,0.00294453792894368
z1,19,d_503_637,503,637,0.0029436532992173563
z1,20,d_553_640,553,640,0.0028867509935433426
