axis,spearman_mean,spearman_min,jaccard_top10,jaccard_top20,jaccard_top30
z0,0.7857831029185867,0.7396067588325652,0.48058608058608066,0.5446904142556316,0.5608142357821434
z1,0.6958850998463901,0.6401105990783409,0.4490842490842491,0.3819105296302182,0.4212276095997026
